Verb,Frequency Verb,WordNet,PC-ACE Verbal Phrase,Student check (if social action put an X in the appropriate cell),Confirmed social verb
lynch,890,x,x,x,x
read,30,x,,x,x
tell,662,x,x,x,x
drive,189,x,x,x,x
take,2022,x,x,x,x
make,1255,x,x,x,x
commit,391,x,,x,x
bring,633,x,x,x,x
arrest,413,x,x,x,x
identify,280,x,x,x,x
do,1127,x,,x,x
convene,26,x,,x,x
try,242,x,x,x,x
save,98,x,,x,x
go,1392,x,x,x,x
revolt,6,x,,x,x
deplore,27,x,x,x,x
dare,9,x,x,x,x
get,656,x,x,x,x
convict,85,x,,x,x
return,422,x,x,x,x
call,362,x,x,x,x
charge,219,x,x,x,x
find,1050,x,x,x,x
sentence,56,x,x,x,x
agree,49,x,x,x,x
declare,70,x,,x,x
recommend,12,x,x,x,x
murder,149,x,x,x,x
give,696,x,x,x,x
kill,876,x,x,x,x
employ,66,x,,x,x
see,439,x,x,x,x
ask,359,x,x,x,x
reply,58,x,x,x,x
say,1628,x,x,x,x
run,379,x,x,x,x
fire,427,x,,x,x
enter,298,x,x,x,x
produce,30,x,,x,x
deny,86,x,x,x,x
suspend,32,x,,x,x
fear,84,,x,x,x
stand,116,x,x,x,x
hang,493,x,x,x,x
report,280,x,,x,x
shot,883,,x,x,x
attempt,416,x,x,x,x
assault,226,x,x,x,x
reach,374,x,x,x,x
saw,239,x,x,x,x
capture,342,x,x,x,x
order,140,x,x,x,x
leave,233,x,x,x,x
depart,13,x,x,x,x
organize,87,x,x,x,x
force,142,x,x,x,x
carry,672,x,x,x,x
contain,33,x,,x,x
chop,4,x,,x,x
lead,219,x,,x,x
steal,84,x,x,x,x
tie,201,x,x,x,x
discover,117,x,x,x,x
pretend,12,x,x,x,x
threaten,83,x,,x,x
act,59,x,,x,x
break,234,x,x,x,x
swing,189,x,x,x,x
knock,62,x,,x,x
know,748,x,x,x,x
dance,6,x,,x,x
die,272,x,x,x,x
hunt,18,x,x,x,x
need,,,x,x,x
start,291,x,x,x,x
stop,179,x,x,x,x
puncture,9,x,,x,x
plough,2,x,,x,x
indict,34,x,x,x,x
catch,243,x,x,x,x
drag,178,x,,x,x
pursue,80,x,x,x,x
arrive,196,x,x,x,x
bind,78,x,,x,x
wound,227,,x,x,x
avenge,53,,x,x,x
attack,133,x,x,x,x
apply,47,x,x,x,x
receive,249,x,x,x,x
conceal,54,x,x,x,x
follow,354,x,x,x,x
spring,49,x,x,x,x
stroke,1,x,x,x,x
sever,19,x,,x,x
spread,85,x,x,x,x
shock,13,x,,x,x
hold,533,x,x,x,x
live,265,x,x,x,x
record,13,x,,x,x
outraged,38,,x,x,x
come,1067,x,x,x,x
pointed,45,,x,x,x
retreat,10,x,,x,x
speak,63,x,x,x,x
secure,186,x,,x,x
slay,36,x,,x,x
reveal,31,x,,x,x
present,33,x,,x,x
split,4,x,x,x,x
strike,105,x,,x,x
located,59,,x,x,
work,172,x,x,x,x
mention,25,x,,x,x
draw,109,x,x,x,x
pull,107,x,x,x,x
walk,93,x,x,x,x
hit,43,x,x,x,x
fall,195,x,x,x,x
flee,138,,x,x,x
expect,129,x,,x,x
connect,59,x,,x,x
seize,155,x,,x,x
ride,60,x,x,x,x
whip,68,x,x,x,x
thought,150,,x,x,x
jump,82,x,x,x,x
grab,44,x,,x,x
look,182,x,x,x,x
bury,60,x,x,x,x
search,108,x,x,x,x
offer,132,x,x,x,x
write,50,x,x,x,x
fix,10,x,x,x,x
circulate,23,x,,x,x
meet,229,x,x,x,x
allow,86,x,x,x,x
express,57,x,,x,x
escape,233,x,x,x,x
admit,84,x,x,x,x
spend,29,x,,x,x
believe,255,x,x,x,x
hide,88,x,x,x,x
surround,120,x,,x,x
conduct,30,x,x,x,x
send,248,x,x,x,x
recognize,139,x,x,x,x
left,467,,x,x,x
shooting,111,,x,x,x
investigate,102,x,x,x,x
warn,35,x,,x,x
inflict,56,x,,x,x
notify,122,x,,x,x
board,45,,x,x,x
guard,79,x,x,x,x
prevent,135,x,x,x,x
handcuff,25,x,x,x,x
implore,5,x,,x,x
molest,20,x,,x,x
discuss,36,x,x,x,x
choose,9,x,x,x,x
jail,47,x,,x,x
pay,155,x,x,x,x
apprehend,36,x,x,x,x
administer,39,x,,x,x
restrain,11,x,,x,x
assert,18,x,,x,x
approach,76,x,,x,x
throw,209,x,x,x,x
perforated,14,,x,x,x
race,6,x,,x,x
accuse,93,x,,x,x
treat,30,x,,x,x
overtake,11,,x,x,x
evade,6,x,,x,x
chase,26,x,,x,x
put,301,x,x,x,x
add,33,x,x,x,x
confine,54,x,,x,x
release,64,x,x,x,x
crushed,14,,x,x,x
visit,80,x,x,x,x
separate,11,x,,x,x
awake,24,,x,x,x
summon,74,x,,x,x
scream,88,x,x,x,x
thwart,9,x,,x,x
excite,18,x,,x,x
show,157,x,x,x,x
gather,127,x,x,x,x
assemble,54,x,x,x,x
argue,7,x,x,x,x
march,71,x,x,x,x
shriek,6,x,,x,x
groan,6,x,x,x,x
cry,44,x,x,x,x
sign,14,x,,x,x
cut,211,x,x,x,x
accompany,60,x,x,x,x
frightened,57,,x,x,x
shoot,80,x,x,x,x
accost,13,x,,x,x
pitch,2,x,,x,x
speed,15,,x,x,x
hand,13,x,,x,x
inform,100,x,x,x,x
locate,28,x,x,x,x
appeal,26,x,,x,x
talk,108,x,x,x,x
move,85,x,x,x,x
invite,11,x,x,x,x
plan,30,x,,x,x
halted,37,,x,x,x
scatter,29,x,,x,x
shout,33,x,,x,x
nursing,3,,x,x,x
schedule,1,x,,x,x
borrow,4,x,,x,x
choke,58,x,x,x,x
stab,29,x,,x,x
violate,15,x,,x,x
authorize,16,x,,x,x
congratulate,7,x,,x,x
corroborate,20,x,,x,x
judge,4,x,,x,x
oppose,10,x,,x,x
help,46,x,x,x,x
scared,13,,x,x,x
travel,25,,x,x,x
telephone,17,x,,x,x
rob,61,x,x,x,x
solicit,3,x,,x,x
insist,18,x,,x,x
thank,16,x,,x,x
resist,45,x,x,x,x
use,126,x,x,x,x
fell,5,x,x,x,x
protect,101,,x,x,x
continue,116,x,x,x,x
question,36,x,,x,x
explain,26,x,,x,x
reward,2,x,,x,x
request,50,x,x,x,x
suggest,27,x,,x,x
intervene,3,x,x,x,x
beat,147,x,x,x,x
punish,46,x,x,x,x
advise,39,x,,x,x
comment,7,x,,x,x
adjourn,24,x,,x,x
claim,77,x,x,x,x
arrange,21,x,x,x,x
storm,38,x,,x,x
participate,27,x,,x,x
pledge,8,x,,x,x
include,32,x,,x,x
condemn,50,x,,x,x
affirm,6,x,,x,x
support,10,x,x,x,x
join,68,x,x,x,x
manage,36,x,,x,x
head,35,x,x,x,x
sit,62,x,x,x,x
raise,51,x,x,x,x
disperse,116,x,x,x,x
subdue,13,x,,x,x
marshal,1,x,,x,x
waylaid,7,,x,x,x
seek,82,x,x,x,x
disposed,22,,x,x,x
outrage,21,x,x,x,x
alarmed,8,,x,x,x
court,2,x,,x,x
execute,45,x,x,x,x
tolerate,9,x,,x,x
attend,48,x,x,x,x
expose,6,x,,x,x
sell,19,x,x,x,x
avoid,22,x,x,x,x
deprive,7,x,,x,x
pardon,1,x,,x,x
elect,11,x,,x,x
approve,14,x,x,x,x
usurp,2,x,,x,x
honor,3,x,,x,x
proclaim,4,x,x,x,x
hung,166,,x,x,x
open,154,x,x,x,x
confront,14,x,,x,x
trace,18,x,x,x,x
proceed,98,x,x,x,x
respond,18,x,,x,x
permit,32,x,x,x,x
expostulate,3,x,,x,x
defend,31,x,x,x,x
listen,24,x,x,x,x
incite,3,x,,x,x
beg,65,x,,x,x
urge,41,x,,x,x
deliver,48,x,x,x,x
assure,27,x,,x,x
chained,26,,x,x,x
plead,49,x,,x,x
rap,5,x,x,x,x
hurt,31,x,x,x,x
fight,44,x,x,x,x
compel,19,x,,x,x
provoke,7,x,,x,x
influence,5,x,,x,x
assign,9,x,,x,x
overtook,23,,x,x,x
tarnish,1,x,,x,x
firing,10,,x,x,x
witness,40,x,x,x,x
miss,55,x,,x,x
burn,246,x,x,x,x
smoke,10,,x,x,x
defy,13,x,,x,x
assist,51,x,x,x,x
eat,50,,x,x,x
counsel,9,x,x,x,x
purchase,23,x,x,x,x
entertain,18,x,,x,x
attract,46,x,,x,x
riddled,52,,x,x,x
surrender,69,x,x,x,x
rifle,3,x,,x,x
rape,22,x,x,x,x
want,180,x,x,x,x
publish,34,x,,x,x
suspect,63,x,x,x,x
harm,11,,x,x,x
represent,26,x,x,x,x
understand,49,x,x,x,x
stay,29,x,x,x,x
light,20,x,x,x,x
spirit,8,,x,x,x
telegraph,27,x,,x,x
quit,8,x,x,x,x
commence,36,x,,x,x
address,27,x,,x,x
protest,25,x,x,x,x
pray,26,x,x,x,x
strangle,9,x,x,x,x
enact,20,x,,x,x
point,25,x,x,x,x
hope,60,x,x,x,x
interview,8,x,,x,x
convince,3,x,,x,x
supply,7,x,,x,x
quarrel,5,x,x,x,x
perform,13,x,,x,x
unlock,25,x,x,x,x
commend,12,x,,x,x
parley,1,x,x,x,x
accept,16,x,,x,x
laugh,11,,x,x,x
swim,6,,x,x,x
hire,15,x,,x,x
pick,53,x,,x,x
belong,22,x,,x,x
recapture,12,x,,x,x
kidnap,10,x,,x,x
transport,3,x,x,x,x
appoint,22,x,,x,x
conclude,14,x,x,x,x
watch,59,x,x,x,x
exchange,13,x,x,x,x
obey,18,x,,x,x
shove,20,x,,x,x
exclaim,19,x,,x,x
disclose,14,x,,x,x
command,31,x,,x,x
pound,8,x,x,x,x
demonstrate,1,x,,x,x
picket,2,x,,x,x
persuade,11,x,x,x,x
buy,25,x,,x,x
collect,30,x,x,x,x
rally,9,x,,x,x
blow,21,x,x,x,x
propose,10,x,,x,x
vote,14,x,,x,x
contribute,4,x,,x,x
confer,10,x,,x,x
burglarize,4,x,,x,x
swindle,2,x,,x,x
inquire,13,x,,x,x
crawl,16,,x,x,x
halt,7,x,x,x,x
marry,21,x,,x,x
ring,17,x,x,x,x
reign,5,x,,x,x
remark,11,x,,x,x
torture,10,,x,x,x
incarcerate,12,x,,x,x
praise,2,x,,x,x
doubt,5,x,x,x,x
mock,3,x,,x,x
instruct,25,x,,x,x
divulge,13,x,,x,x
encouraged,3,,x,x,x
offend,3,x,,x,x
travels,2,,x,x,x
plant,3,x,x,x,x
assassinate,13,x,,x,x
stunned,3,,x,x,x
persecute,2,x,,x,x
bother,4,x,,x,x
appease,2,x,,x,x
consult,4,x,,x,x
burst,9,,x,x,x
play,17,x,x,x,x
befriend,1,x,,x,x
boast,15,x,,x,x
convey,12,x,x,x,x
ransack,6,x,x,x,x
excuse,3,x,,x,x
crowd,27,,x,x,x
prosecute,7,x,,x,x
mount,21,x,x,x,x
strang,1,,x,x,x
subject,3,x,,x,x
testify,51,x,x,x,x
imprison,5,x,,x,x
divide,12,x,x,x,x
lower,5,x,x,x,x
fed,5,,x,x,x
invade,11,x,,x,x
detain,4,x,,x,x
disqualify,1,x,,x,x
control,8,x,x,x,x
land,15,x,x,x,x
dictate,3,x,,x,x
provide,18,x,x,x,x
breed,1,x,,x,x
conquer,1,x,,x,x
resign,4,x,x,x,x
encircle,2,x,,x,x
leap,25,,x,x,x
preach,1,x,,x,x
elude,18,x,,x,x
phone,3,x,,x,x
revenge,7,,x,x,x
overwhelm,4,x,,x,x
dissuade,8,x,x,x,x
surprised,13,,x,x,x
husband,2,x,,x,x
govern,3,x,,x,x
aid,38,x,x,x,x
drink,6,x,x,x,x
weaken,8,x,,x,x
educate,4,x,,x,x
criticize,4,x,,x,x
conspire,2,x,,x,x
mingle,3,x,,x,x
lecture,2,x,,x,x
register,5,x,,x,x
endorse,6,x,,x,x
misrepresent,2,x,,x,x
condone,4,x,,x,x
amend,2,x,,x,x
forbid,5,x,x,x,x
encourage,5,x,,x,x
justify,4,x,,x,x
export,1,x,,x,x
gamble,2,x,x,x,x
rescue,10,x,x,x,x
house,1,x,,x,x
exonerate,4,x,,x,x
dispute,2,x,x,x,x
terrorize,11,x,,x,x
prosper,3,x,,x,x
kiss,4,x,,x,x
hug,3,x,,x,x
remonstrate,6,x,x,x,x
encounter,11,x,,x,x
cheer,5,x,,x,x
accommodate,1,x,,x,x
raid,5,x,x,x,x
loose,4,x,x,x,x
free,3,x,,x,x
spotted,5,,x,x,x
exclude,1,x,,x,x
crusade,1,x,,x,x
rent,5,x,x,x,x
petition,1,x,,x,x
applaud,1,x,,x,x
bet,2,x,x,x,x
abuse,3,x,x,x,x
intrude,1,x,,x,x
insult,5,x,x,x,x
award,2,x,x,x,x
sue,4,x,,x,x
contract,1,x,,x,x
initiate,1,x,,x,x
inspire,6,x,,x,x
evacuate,1,,x,x,x
unmask,3,x,,x,x
slap,1,x,,x,x
belittle,3,x,,x,x
found,1,x,x,x,x
sneak,1,x,x,x,x
clash,1,x,,x,x
convert,4,x,,x,x
skin,3,x,,x,x
bludgeon,1,x,,x,x
holler,2,x,,x,x
sacrifice,3,x,,x,x
thrust,3,x,x,x,x
abused,5,,x,x,x
contact,1,x,,x,x
threat,1,,x,x,x
signal,2,x,,x,x
fetch,1,x,x,x,x
profess,1,x,,x,x
converse,1,x,,x,x
noosed,2,,x,x,x
scuffle,3,x,x,x,x
traverse,2,x,x,x,x
transact,1,x,,x,x
volunteer,5,x,,x,x
welcome,1,x,,x,x
bit,1,,x,x,x
sanction,2,x,,x,x
reprimand,2,x,,x,x
advertise,3,x,,x,x
gloat,2,x,,x,x
riot,3,x,,x,x
contend,2,x,x,x,x
discredit,3,x,,x,x
chastise,1,x,,x,x
tortured,3,,x,x,x
rejoice,5,x,,x,x
captain,2,x,,x,x
defame,1,x,,x,x
inspect,1,x,x,x,x
overrun,1,x,,x,x
vengeance,1,,x,x,x
supervise,1,x,,x,x
recruit,1,x,,x,x
enquire,1,x,,x,x
disregard,1,x,x,x,x
apologize,1,x,,x,x
be,21964,x,,,
have,5558,x,,,
seem,227,x,,,
prompt,6,x,,,
submit,19,x,,X,X
abide,10,x,,,
serve,53,x,,X,X
place,369,x,,X,X
determine,131,x,x,,
pass,253,x,,,
learn,186,x,,,
intend,59,x,,,
prevail,77,x,,X,X
leaf,32,x,,,
decoy,4,x,,,
indicate,52,x,,X,X
occur,244,x,,,
keep,260,x,x,,
appear,172,x,,,
name,185,x,,,
relate,3,x,,X,X
let,143,x,x,,
hear,333,x,,,
decide,90,x,,X,X
succeed,71,x,,X,X
state,307,x,,,
confirm,14,x,,X,X
confess,211,x,,X,X
suppose,90,x,,X,X
lie,119,x,,X,X
arouse,115,x,,X,X
string,125,x,,,
answer,56,x,,X,X
regard,37,x,,,
repeat,27,x,,X,X
end,43,x,,X,X
accomplish,79,x,,X,X
scour,44,x,,,
await,75,x,,,
superintend,2,x,,X,X
bear,74,x,,X,X
rear,5,x,,,
prostrate,7,x,,X,X
extend,12,x,,X,X
hasten,24,x,,X,X
think,112,x,x,X,X
sicken,8,x,,,
render,67,x,,,
wield,2,x,,X,X
lodge,105,x,,X,X
disappear,60,x,,X,X
accord,150,x,,,X
win,17,x,,,X
begin,336,x,,,X
curse,17,x,,X,X
refuse,141,x,,X,X
turn,243,x,,,X
recover,66,x,,X,X
remove,91,x,,X,X
restore,18,x,,X,X
solve,4,x,,,
develop,39,x,,X,X
lay,87,x,,X,X
cross,52,x,,X,X
inter,10,x,,,
ferret,8,x,,,
fill,53,x,,,
view,39,x,,,
esteem,2,x,,,
happen,81,x,,,
mask,54,x,,X,X
own,29,x,,,
empty,18,x,,X,X
rush,143,x,,X,X
slip,35,x,,,
maintain,12,x,,,
demand,150,x,,X,X
cover,95,x,,,
forget,15,x,,,
dismiss,16,x,,,
conflict,7,x,,,
establish,35,x,,X,X
prove,72,x,,,
pop,3,x,,,
idle,1,x,,,
obtain,74,x,,,
haul,17,x,,,
color,150,x,,,
regret,39,x,,X,X
wire,31,x,,,
retire,42,x,,X,X
awaken,32,x,,,
tear,73,x,,X,X
feel,80,x,,,
reason,4,x,,,
allege,104,x,,,
empanel,16,x,,,
complain,14,x,,,
wait,97,x,,,
unload,4,x,,X,X
form,120,x,,,
estimate,28,x,,X,X
notice,27,x,,X,X
level,13,x,,,
arm,87,x,,,
swear,99,x,,X,X
heave,3,x,,,
dangle,41,x,,,
undergo,5,x,,,
occupy,39,x,,X,X
count,5,x,,,
toot,1,x,,,
sound,7,x,,,
step,63,x,,,
lock,85,x,,X,X
remember,16,x,,,
snuff,3,x,,,
admonish,4,x,,X,X
uphold,12,x,,,
entitle,3,x,,,
labor,2,x,,,
pierce,21,x,,,
operate,15,x,,,
hurl,11,x,,,
assume,17,x,,,
set,97,x,,X,X
promise,35,x,,X,X
correspond,1,x,,,
farm,6,x,,,
credit,4,x,,,
wrong,4,x,,,
compile,4,x,,,
repel,3,x,,,
engage,69,x,,,
swoop,2,x,,,
unravel,1,x,,,
brand,2,x,,,
fail,101,x,,,
attain,3,x,,,
total,4,x,,,
fit,8,x,,,
quote,10,x,,,
crash,3,x,,,
flog,19,x,,,
depend,5,x,,,
refer,16,x,,,
enforce,19,x,,X,X
hustle,19,x,,,
trail,23,x,,,
touch,25,x,,,
complete,22,x,,,
compose,93,x,,,
adopt,22,x,,X,X
arise,30,x,,,
renew,8,x,,,
introduce,17,x,,,
track,20,x,,,
load,21,x,,X,X
deliberate,3,x,,,
comb,3,x,,,
spatter,2,x,,,
trump,1,x,,,
tree,6,x,,,
precipitate,5,x,,,
ascribe,1,x,,,
congest,1,x,,,
transfer,12,x,,,
weigh,20,x,,,
cause,130,x,,X,X
dash,18,x,,,
press,30,x,,,
ascertain,34,x,,,
announce,40,x,,,
doff,2,x,,,
grow,48,x,,,
constitute,11,x,,,
strive,3,x,,,
suffer,46,x,,,
wonder,5,x,,,
afford,9,x,,,
disturb,5,x,,X,X
resort,13,x,,,
vindicate,13,x,,X,X
resolve,14,x,,X,X
endanger,6,x,,X,X
undertake,10,x,,,
spare,18,x,,X,X
insure,3,x,,X,X
apprise,4,x,,X,X
recollect,4,x,,,
rise,19,x,,X,X
deal,36,x,,,
fracture,8,x,,,
float,4,x,,,
deem,7,x,,,
oblige,4,x,,X,X
number,7,x,,,
procure,30,x,,X,X
heed,4,x,,,
yield,10,x,,X,X
face,36,x,,,
wrench,12,x,,,
crown,1,x,,,
disguise,20,x,,X,X
doom,1,x,,,
require,30,x,,,
issue,49,x,,X,X
suppress,10,x,,X,X
relive,3,x,,,
institute,18,x,,,
surprise,2,x,,,
sing,6,x,,,
affect,10,x,,X,X
poke,2,x,,,
spit,1,x,,,
shift,5,x,,,
batter,33,x,,,
select,17,x,,,
blame,7,x,,X,X
build,13,x,,,
deprecate,2,x,,X,X
note,12,x,,,
intercept,12,x,,,
exhaust,23,x,,X,X
hoist,5,x,,,
quiet,19,x,,,
anticipate,25,x,,,
display,10,x,,X,X
observe,13,x,,X,X
handle,39,x,,X,X
drown,14,x,,X,X
fasten,35,x,,,
lure,4,x,,,
range,10,x,,,
misinform,2,x,,,
wreak,6,x,,X,X
interfere,15,x,,X,X
swamp,5,x,,,
launch,8,x,,X,X
consider,53,x,,,
rely,4,x,,,
acquaint,12,x,,,
lose,57,x,,,
dress,36,x,,,
finish,36,x,,X,X
grant,40,x,,,
care,12,x,,,
prefer,10,x,,,
discharge,31,x,,,
hail,14,x,,X,X
examine,39,x,,X,X
adduce,5,x,,X,X
post,13,x,,,
destroy,18,x,,X,X
prepare,26,x,,X,X
train,9,x,,,
swell,6,x,,,
struggle,29,x,,X,X
wish,30,x,,X,X
clamor,6,x,,,
untwist,1,x,,,
advance,20,x,,X,X
wrest,10,x,,,
bite,3,x,,,
endeavor,35,x,,,
quicken,1,x,,,
check,5,x,,,
change,28,x,,,
discard,6,x,,,
flag,9,x,,,
brandish,9,x,,X,X
pile,28,x,,,
furnish,30,x,,,
boom,1,x,,,
extract,3,x,,X,X
manufacture,1,x,,,
enjoy,8,x,,X,X
owe,22,x,,,
paint,6,x,,,
reckon,3,x,,,
waste,4,x,,,
promote,1,x,,X,X
earn,1,x,,,
earth,1,x,,,
love,10,x,,X,X
acquire,3,x,,X,X
involve,23,x,,,
recess,4,x,,,
exhibit,9,x,,X,X
pause,5,x,,,
pulverize,1,x,,X,X
park,6,x,,,
clasp,6,x,,,
withhold,8,x,,X,X
consume,7,x,,X,X
file,8,x,,,
like,9,x,,,
decline,29,x,,X,X
manacle,4,x,,,
clear,27,x,,,
loosen,8,x,,,
gain,29,x,,,
tend,6,x,,,
sink,13,x,,,
pin,18,x,,,
regain,12,x,,,
aim,11,x,,X,X
store,6,x,,,
bleed,22,x,,X,X
describe,29,x,,,
clue,1,x,,,
baffle,4,x,,,
wash,14,x,,,
manifest,16,x,,X,X
wear,65,x,,,
preside,13,x,,,
comply,8,x,,X,X
close,53,x,,,
realize,40,x,,X,X
yell,35,x,,X,X
except,3,x,,,
entice,6,x,,,
maltreat,7,x,,X,X
soak,1,x,,,
avert,9,x,,,
block,14,x,,X,X
rumor,11,x,,,
sow,1,x,,,
reap,3,x,,,
rest,17,x,,,
beware,2,x,,,
perpetrate,36,x,,X,X
shirk,1,x,,,
upbraid,3,x,,,
mash,4,x,,,
shroud,4,x,,,
secrete,11,x,,,
dodge,11,x,,,
harbor,10,x,,,
rid,5,x,,X,X
create,36,x,,,
pour,31,x,,,
round,8,x,,,
plow,9,x,,,
retrace,2,x,,X,X
espy,1,x,,X,X
acknowledge,21,x,,X,X
utter,9,x,,,
resume,14,x,,,
lean,8,x,,,
depict,1,x,,X,X
quench,3,x,,,
deter,7,x,,,
drop,46,x,,,
hazard,2,x,,,
remind,10,x,,,
dawn,5,x,,,
betray,3,x,,X,X
effect,23,x,,,
latch,2,x,,,
fly,14,x,,,
discern,1,x,,,
snap,12,x,,,
scramble,3,x,,,
dispatch,12,x,,X,X
abandon,18,x,,X,X
sympathize,3,x,,,
differ,3,x,,,
sew,3,x,,X,X
mean,28,x,,,
exercise,5,x,,X,X
riddle,14,x,,X,X
attribute,6,x,,,
stare,4,x,,X,X
correct,3,x,,,
decree,4,x,,X,X
stain,9,x,,,
apprize,1,x,,X,X
engender,2,x,,,
deaden,1,x,,,
desert,11,x,,X,X
damp,2,x,,,
dispose,13,x,,X,X
smash,6,x,,X,X
push,35,x,,X,X
defer,14,x,,X,X
preserve,13,x,,X,X
foil,1,x,,,
imagine,5,x,,,
repair,17,x,,,
pat,1,x,,,
roll,16,x,,,
stoop,4,x,,,
direct,17,x,,X,X
scalp,2,x,,,
cast,10,x,,,
cock,5,x,,,
reload,1,x,,,
till,2,x,,,
ply,3,x,,,
fine,9,x,,,
settle,15,x,,X,X
articulate,1,x,,,
consent,5,x,,X,X
seat,11,x,,,
caution,6,x,,,
ginger,2,x,,,
verify,4,x,,X,X
draft,4,x,,,
designate,3,x,,,
mislead,3,x,,,
reassemble,5,x,,,
deceive,6,x,,,
assail,1,x,,X,X
greet,11,x,,X,X
bristle,2,x,,,
respect,18,x,,X,X
adjust,11,x,,,
characterize,4,x,,,
wreck,2,x,,X,X
fool,4,x,,X,X
snatch,9,x,,X,X
toss,5,x,,,
smuggle,4,x,,X,X
hint,4,x,,,
acquiesce,1,x,,,
whistle,10,x,,,
commission,1,x,,X,X
lavish,1,x,,,
blood,1,x,,,
communicate,11,x,,X,X
broach,1,x,,,
conceive,3,x,,,
penetrate,7,x,,X,X
glaze,1,x,,,
electrocute,1,x,,X,X
rummage,2,x,,,
man,2,x,,,
jerk,17,x,,,
grace,2,x,,,
pervade,2,x,,,
toy,1,x,,,
tamper,2,x,,X,X
repudiate,2,x,,X,X
defeat,7,x,,X,X
bruise,12,x,,X,X
emphasize,1,x,,,
preempt,1,x,,,
bang,2,x,,,
distribute,4,x,,X,X
rattle,3,x,,,
gleam,2,x,,,
occasion,8,x,,,
precede,12,x,,,
wake,20,x,,,
feed,8,x,,X,X
magnify,1,x,,,
crush,4,x,,X,X
shun,1,x,,X,X
evidence,6,x,,,
shut,8,x,,X,X
poison,2,x,,X,X
reorder,1,x,,,
hole,2,x,,,
field,1,x,,,
tuck,2,x,,,
test,2,x,,,
shield,5,x,,,
induce,14,x,,X,X
acquit,12,x,,,
plot,8,x,,X,X
succumb,4,x,,X,X
explode,2,x,,X,X
reaffirm,1,x,,,
prize,3,x,,,
scratch,4,x,,,
pilfer,3,x,,,
plunge,7,x,,,
blind,2,x,,X,X
trip,2,x,,,
duplicate,1,x,,,
print,10,x,,,
waive,6,x,,,
assess,4,x,,,
welter,4,x,,,
confuse,1,x,,X,X
impanel,14,x,,X,X
trust,9,x,,X,X
blot,3,x,,,
retain,7,x,,X,X
relieve,4,x,,,
account,5,x,,,
presume,12,x,,,
hum,4,x,,,
adorn,3,x,,,
attach,15,x,,,
ignore,2,x,,X,X
scoff,1,x,,X,X
foster,1,x,,X,X
clothe,2,x,,,
vow,3,x,,,
teach,12,x,,,
grapple,5,x,,,
illustrate,1,x,,,
slash,16,x,,X,X
lapse,2,x,,,
contest,1,x,,X,X
devote,1,x,,,
peep,5,x,,,
seal,3,x,,,
reinforce,5,x,,X,X
detail,7,x,,,
allude,1,x,,,
glance,3,x,,,
pommel,1,x,,,
aver,1,x,,,
grasp,12,x,,X,X
corral,1,x,,,
vanish,3,x,,,
pepper,1,x,,,
tot,3,x,,,
indulge,4,x,,,
stir,18,x,,,
crouch,3,x,,,
crisp,1,x,,,
tug,3,x,,,
misunderstand,2,x,,X,X
vacate,3,x,,,
whoop,3,x,,,
fry,7,x,,X,X
contradict,6,x,,X,X
strip,11,x,,X,X
wave,10,x,,X,X
tumble,3,x,,,
hitch,4,x,,X,X
back,8,x,,,
practice,1,x,,,
scale,4,x,,,
lacerate,1,x,,X,X
disfigure,2,x,,X,X
strew,1,x,,,
deposit,5,x,,,
frustrate,1,x,,X,X
code,1,x,,,
install,1,x,,X,X
unzip,1,x,,,
demolish,4,x,,X,X
appropriate,1,x,,,
sift,1,x,,,
shine,5,x,,,
ravish,5,x,,,
review,2,x,,X,X
list,5,x,,,
tense,1,x,,,
blink,2,x,,,
straighten,1,x,,X,X
term,1,x,,,
study,1,x,,,
withdraw,9,x,,X,X
agitate,2,x,,X,X
measure,3,x,,,
define,1,x,,,
possess,2,x,,,
curb,1,x,,,
devise,3,x,,,
contemplate,11,x,,,
mitigate,1,x,,,
lift,5,x,,X,X
implant,1,x,,X,X
cabin,1,x,,,
reeve,1,x,,,
qualify,4,x,,,
bend,4,x,,,
pry,1,x,,,
recall,10,x,,,
piece,2,x,,,
calculate,4,x,,,
trifle,6,x,,,
blunder,1,x,,,
expiate,6,x,,X,X
individualize,1,x,,,
base,12,x,,,
extenuate,2,x,,X,X
rule,3,x,,,
strain,3,x,,X,X
wink,3,x,,,
nip,3,x,,,
miscarry,1,x,,,
cite,2,x,,,
concede,2,x,,,
shake,5,x,,X,X
detect,14,x,,X,X
evince,2,x,,X,X
subpoena,5,x,,,
combine,2,x,,,
situate,12,x,,X,X
scorn,2,x,,X,X
flash,5,x,,X,X
scout,1,x,,,
line,14,x,,,
stagger,7,x,,X,X
vent,1,x,,,
undo,3,x,,,
bode,1,x,,,
multiply,1,x,,,
probe,7,x,,,
assent,2,x,,,
exculpate,2,x,,X,X
rip,7,x,,X,X
efface,3,x,,,
rope,3,x,,,
sweep,16,x,,,
consign,1,x,,X,X
mumble,2,x,,,
levy,2,x,,,
spy,2,x,,X,X
throttle,1,x,,,
denounce,17,x,,X,X
lease,1,x,,,
weave,1,x,,,
compare,5,x,,,
bellow,1,x,,,
card,2,x,,,
defile,1,x,,,
bar,4,x,,,
flourish,6,x,,X,X
drawl,1,x,,,
pacify,2,x,,,
lend,2,x,,,
menace,3,x,,,
appreciate,7,x,,X,X
graze,4,x,,,
rook,2,x,,,
predict,4,x,,X,X
scan,1,x,,,
stick,13,x,,,
boo,1,x,,,
limit,4,x,,X,X
mark,1,x,,X,X
scar,1,x,,,
swat,1,x,,,
arraign,5,x,,,
loom,1,x,,,
clap,2,x,,,
hurtle,1,x,,,
exact,2,x,,,
disgrace,2,x,,,
embezzle,1,x,,X,X
glean,2,x,,,
stamp,3,x,,,
cancel,2,x,,,
confound,1,x,,,
benefit,1,x,,,
deputize,7,x,,,
mind,3,x,,,
accede,3,x,,,
feign,1,x,,,
trash,1,x,,X,X
stumble,4,x,,,
border,1,x,,,
delegate,2,x,,,
thrash,2,x,,,
deploy,3,x,,,
venture,6,x,,,
drift,1,x,,,
barricade,7,x,,X,X
savage,1,x,,,
deafen,2,x,,X,X
butter,2,x,,,
echo,2,x,,,
sheet,1,x,,,
spark,3,x,,,
rebuke,1,x,,,
enjoin,2,x,,X,X
carouse,1,x,,,
culminate,1,x,,,
shed,1,x,,,
bundle,1,x,,,
crystallize,1,x,,,
silhouette,1,x,,,
blaze,6,x,,,
crop,3,x,,,
strap,1,x,,,
sieve,2,x,,,
repulse,4,x,,,
sprinkle,1,x,,,
share,8,x,,,
beseech,1,x,,,
cope,3,x,,,
guy,1,x,,,
indorse,1,x,,,
ascend,7,x,,,
hammer,2,x,,X,X
envelop,7,x,,,
construct,3,x,,,
date,3,x,,,
ship,4,x,,,
guess,3,x,,,
wrestle,1,x,,X,X
uncover,2,x,,X,X
warrant,6,x,,,
ground,2,x,,,
chime,2,x,,,
analyze,3,x,,,
permeate,1,x,,,
align,1,x,,,
surmise,2,x,,,
circle,2,x,,,
fortify,1,x,,,
isolate,3,x,,,
streak,1,x,,,
stage,3,x,,,
daze,1,x,,,
theorize,2,x,,,
lash,7,x,,X,X
replace,1,x,,,
grip,1,x,,,
accumulate,5,x,,,
pawn,1,x,,,
spur,5,x,,,
palliate,1,x,,,
improvise,1,x,,,
outlaw,2,x,,X,X
wind,2,x,,,
slaughter,1,x,,X,X
attest,2,x,,,
kneel,3,x,,X,X
mistreat,3,x,,X,X
substantiate,3,x,,,
table,3,x,,,
signify,1,x,,,
wail,3,x,,,
liberate,2,x,,X,X
adjudge,3,x,,X,X
civilize,2,x,,X,X
substitute,1,x,,,
unite,1,x,,,X
leak,5,x,,,
recite,2,x,,,
bare,1,x,,,
kick,12,x,,X,X
divine,3,x,,,
smother,1,x,,,
untangle,1,x,,X,X
stock,1,x,,,
tax,2,x,,,
propound,1,x,,,
promulgate,1,x,,X,X
supplant,2,x,,,
patrol,3,x,,,
smear,1,x,,,
wander,3,x,,,
fag,1,x,,,
smooth,1,x,,,
stretch,10,x,,,
band,3,x,,,
bail,1,x,,,
favor,2,x,,,
gag,9,x,,,
alarm,3,x,,,
wrap,4,x,,,
top,1,x,,,
reassert,1,x,,,X
besmirch,1,x,,,
eradicate,2,x,,X,X
challenge,2,x,,X,X
jam,2,x,,,
log,2,x,,,
beckon,2,x,,,
destine,1,x,,X,X
upset,1,x,,X,X
dump,12,x,,X,X
brew,1,x,,,
overlook,3,x,,,
down,1,x,,,
drill,2,x,,,
maneuver,1,x,,X,X
will,2,x,,,
hoot,1,x,,,
sway,5,x,,,
figure,5,x,,,
forfeit,1,x,,,
claw,3,x,,,
buck,1,x,,,
distinguish,1,x,,,
clutch,3,x,,,
stump,1,x,,,
reserve,2,x,,,
splatter,1,x,,,
overbear,3,x,,X,X
damn,3,x,,,
hack,1,x,,X,X
yank,1,x,,,X
whisper,3,x,,,
curl,1,x,,,
fan,3,x,,,
rub,2,x,,,
bawl,1,x,,,
cogitate,1,x,,,
reduce,2,x,,X,X
monkey,1,x,,,
knit,1,x,,,
boss,2,x,,,
ruin,3,x,,X,X
pinion,3,x,,,
edge,1,x,,,
buzz,1,x,,,
dislodge,2,x,,X,X
tattoo,1,x,,,
heap,4,x,,,
impress,1,x,,X,X
eliminate,1,x,,X,X
advocate,3,x,,,X
rivet,2,x,,,
gaze,4,x,,X,X
double,3,x,,,
puzzle,2,x,,,
adhere,1,x,,,
actuate,2,x,,,
differentiate,1,x,,,
pump,4,x,,,
size,2,x,,,
rave,1,x,,,
bow,2,x,,,
elbow,1,x,,,
iron,1,x,,,
pant,2,x,,,
recommit,1,x,,,
clean,1,x,,X,X
obstruct,1,x,,X,X
fold,1,x,,,
twist,12,x,,X,X
cook,2,x,,,
erect,1,x,,,
dazzle,1,x,,,
gash,3,x,,,
spout,2,x,,,
belabor,1,x,,,
wipe,5,x,,,
second,1,x,,,
fork,3,x,,,
elicit,2,x,,,
undermine,1,x,,,
supersede,1,x,,,
impose,2,x,,,
docket,1,x,,,
thunder,3,x,,,
descend,6,x,,,
repute,1,x,,,
net,1,x,,,
chock,5,x,,,
recount,2,x,,,
photograph,1,x,,,
neglect,7,x,,,
impart,2,x,,,
frame,1,x,,,
embrace,4,x,,X,X
impersonate,1,x,,,X
summarize,2,x,,,
reflect,2,x,,,
censure,8,x,,X,X
whisk,3,x,,,
intimate,4,x,,X,X
part,1,x,,,
gush,2,x,,,
switch,1,x,,,
drizzle,1,x,,,
book,1,x,,,
thirst,1,x,,,
busy,1,x,,,
equip,3,x,,,
perceive,1,x,,,
officer,5,x,,,
baptize,2,x,,X,X
forsake,1,x,,,
ballot,1,x,,,
remand,3,x,,,
rag,1,x,,,
dig,2,x,,,
unchain,1,x,,X,X
bid,2,x,,,
tender,2,x,,,
intersperse,1,x,,,
license,1,x,,,
bore,1,x,,,
mutter,3,x,,,
aspire,1,x,,,
reprove,1,x,,,
shave,1,x,,,
knife,3,x,,,
counteract,2,x,,X,X
quarter,2,x,,,
expedite,2,x,,,
loop,1,x,,,
rend,1,x,,,
fling,4,x,,,
twinkle,1,x,,,
expend,1,x,,,
deform,1,x,,,
skip,4,x,,,
despoil,1,x,,,
supplement,1,x,,,
skirt,1,x,,,
robe,2,x,,,
instigate,1,x,,X,X
enclose,3,x,,X,X
outline,2,x,,,
meddle,1,x,,,
gurgle,1,x,,,
jawbone,1,x,,,
nod,1,x,,,
nullify,1,x,,,
stuff,1,x,,X,X
relax,2,x,,,
waver,1,x,,,
breathe,3,x,,,
conjecture,2,x,,,
flicker,1,x,,,
flow,2,x,,,
scaffold,1,x,,,
copper,1,x,,,
itch,1,x,,,
originate,2,x,,,
trouble,2,x,,,
subscribe,1,x,,,
amputate,1,x,,X,X
lick,2,x,,X,X
thrill,1,x,,,
match,4,x,,,
glory,1,x,,,
bless,1,x,,,
crackle,2,x,,,
flame,1,x,,,
bounce,1,x,,,
pocket,1,x,,,
barter,1,x,,,
beam,1,x,,,
off,1,x,,,
nurse,1,x,,,X
reject,1,x,,,
revise,1,x,,,
admire,3,x,,X,X
pinch,1,x,,,
sustain,1,x,,,
right,1,x,,,
ensure,1,x,,,
chisel,2,x,,,
hem,1,x,,,
gouge,1,x,,X,X
lug,1,x,,,
invoke,1,x,,X,X
interpose,1,x,,X,X
experience,1,x,,,
prop,1,x,,,
lounge,1,x,,,
erase,1,x,,,
time,2,x,,,
pose,2,x,,,
whiz,1,x,,,
dream,2,x,,,
dot,2,x,,,
rack,1,x,,,
engineer,1,x,,,
tin,1,x,,,
rotate,1,x,,,
trap,1,x,,X,X
bespeak,2,x,,,
tempt,1,x,,,
unhitch,2,x,,,
splotch,1,x,,,
submerge,1,x,,X,X
ting,2,x,,,
terminate,1,x,,X,X
occlude,1,x,,X,X
mantle,1,x,,,
illuminate,2,x,,,
forge,2,x,,,
constrain,1,x,,,
err,1,x,,,
bequeath,2,x,,,
digress,1,x,,,
frequent,1,x,,,
tally,1,x,,,
voice,3,x,,,
cooperate,1,x,,X,X
accrue,1,x,,,
crate,1,x,,,
guarantee,1,x,,,X
picture,1,x,,,
mistake,1,x,,,
reopen,1,x,,,
overrule,2,x,,X,X
endure,2,x,,,
portray,1,x,,,
grate,1,x,,,
glass,2,x,,,
tap,1,x,,,
classify,1,x,,,
reprieve,1,x,,X,X
function,1,x,,,
amaze,1,x,,,
club,1,x,,,
fish,2,x,,,
design,3,x,,,
eject,1,x,,,
triumph,1,x,,,
narrate,1,x,,,
pronounce,1,x,,,
balk,1,x,,,
manhandle,2,x,,,
object,3,x,,,
sand,1,x,,,
crack,1,x,,,
clinch,1,x,,,
imply,1,x,,,
verse,1,x,,,
scribble,1,x,,,
retract,2,x,,,
muse,1,x,,,
repose,1,x,,,
further,1,x,,,
darken,1,x,,,
lace,1,x,,,
brace,1,x,,X,X
honk,1,x,,,
disclaim,1,x,,X,X
malign,2,x,,,
incarnate,1,x,,,
case,1,x,,,
grind,2,x,,,
bestow,1,x,,,
brook,1,x,,,
ready,1,x,,,
specify,1,x,,,
cream,1,x,,,
sting,1,x,,,
screw,1,x,,X,X
brood,1,x,,,
absorb,1,x,,,
splice,1,x,,,
squat,1,x,,,
stifle,2,x,,,
spot,1,x,,,
dial,1,x,,,
victimize,1,x,,X,X
nestle,1,x,,,
key,1,x,,,
moan,1,x,,,
peer,1,x,,,
sight,3,x,,,
tack,1,x,,,
shape,1,x,,,
pan,1,x,,,
word,1,x,,,
herald,1,x,,,
defray,1,x,,,
purpose,1,x,,,
obligate,1,x,,X,X
exult,2,x,,,
chronicle,1,x,,,
aggregate,1,x,,,
impede,1,x,,X,X
disconnect,1,x,,X,X
retake,1,x,,,
con,1,x,,,
disburse,1,x,,X,X
evolve,1,x,,,
prohibit,1,x,,,
dismantle,1,x,,X,X